Delegator Address,Validator Address,Shares,Balance
core1qftp6q5nequvrr4tfnr38369ad6hreqd8dpz8y,corevaloper1q69hxadh5pl9d6q0a35y3mfx8ls5quxuqgla8t,2207615685000000000000000000,2207615685
core1qftfv95t5j9fqykgtyvrqq9q25mntfvrq5d5eh,corevaloper1q69hxadh5pl9d6q0a35y3mfx8ls5quxuqgla8t,700000000000000000000000000,700000000
core1qve6yzh6f4r8sqflfmxq7ywxh5cflzexja63fm,corevaloper1q69hxadh5pl9d6q0a35y3mfx8ls5quxuqgla8t,168243541000000000000000000,168243541
core1qd4mys3a6df203qzuyucf68v49tjcq97tskulm,corevaloper1q69hxadh5pl9d6q0a35y3mfx8ls5quxuqgla8t,1250460399000000000000000000,1250460399
core1q0jr88verrjc08qy20m8gkmgdw56h0af3uy7ey,corevaloper1q69hxadh5pl9d6q0a35y3mfx8ls5quxuqgla8t,6670000000000000000000000000,6670000000
core1qn757rtn8hjgw0kgumdsaju7lvj3kdhmxhldx6,corevaloper1q69hxadh5pl9d6q0a35y3mfx8ls5quxuqgla8t,32002826000000000000000000,32002826
core1q69hxadh5pl9d6q0a35y3mfx8ls5quxu6kpc84,corevaloper1q69hxadh5pl9d6q0a35y3mfx8ls5quxuqgla8t,36930000000000000000000000000,36930000000
core1q7kewzg0vg6yugsq9c9shsl6nn5ltlfgudhpea,corevaloper1q69hxadh5pl9d6q0a35y3mfx8ls5quxuqgla8t,518170192000000000000000000,518170192
core1qld60tgjpl4zyr5rmfr8y26rrpe4tfdscc4y53,corevaloper1q69hxadh5pl9d6q0a35y3mfx8ls5quxuqgla8t,45000000000000000000000000,45000000
core1prs8dnvm4dfhmny3hkqf77qdgq9d7m7lhpctdw,corevaloper1q69hxadh5pl9d6q0a35y3mfx8ls5quxuqgla8t,250000000000000000000000000,250000000
core1px4retuy3njk4gej26uvfszvpegpnamxvn2j3u,corevaloper1q69hxadh5pl9d6q0a35y3mfx8ls5quxuqgla8t,2225532149000000000000000000,2225532149
core1pg3ngggra6kmtalqd5dmpk56es724e7j2nwtzq,corevaloper1q69hxadh5pl9d6q0a35y3mfx8ls5quxuqgla8t,17500000000000000000000000000,17500000000
core1pgu0u56skg49c6s5vhcp64ulrr5t5c0ffzv0l0,corevaloper1q69hxadh5pl9d6q0a35y3mfx8ls5quxuqgla8t,40000000000000000000000000,40000000
core1pv8u5y23yq6kvqr4rdxx9hgcqz0dkrgvu4aayd,corevaloper1q69hxadh5pl9d6q0a35y3mfx8ls5quxuqgla8t,4999999999000000000000000000,4999999999
core1pw94jrewhefhv5qcmf4478z4724pjvp8q42avl,corevaloper1q69hxadh5pl9d6q0a35y3mfx8ls5quxuqgla8t,717000000000000000000000000,717000000
core1p00mj80xz7uymtqamqc5ls6tpfm7hx7pvm32hs,corevaloper1q69hxadh5pl9d6q0a35y3mfx8ls5quxuqgla8t,3155800000000000000000000000,3155800000
core1pnegz359m747lmwgsad0rdvhdt2lewks65fvwn,corevaloper1q69hxadh5pl9d6q0a35y3mfx8ls5quxuqgla8t,9000000000000000000000000,9000000
core1ph2chv4htuqr45agmqyacypxc273yjy72tt8rz,corevaloper1q69hxadh5pl9d6q0a35y3mfx8ls5quxuqgla8t,9500300000000000000000000000,9500300000
core1p7g3la373n8eh9nuc3c35q4z970ddderwjg6gr,corevaloper1q69hxadh5pl9d6q0a35y3mfx8ls5quxuqgla8t,2857720000000000000000000000,2857720000
core1zr5upwkv66zlc52cm68z2lvqtxddmvrzrr5syu,corevaloper1q69hxadh5pl9d6q0a35y3mfx8ls5quxuqgla8t,4160000000000000000000000,4160000
core1zfdh9jslt8ldzwnvw8pkldyx6l9vxkhv9m4meu,corevaloper1q69hxadh5pl9d6q0a35y3mfx8ls5quxuqgla8t,122862729223000000000000000000,122862729223
core1zhapqdcu46lzzljg05m97kkugy0vp77asy0exv,corevaloper1q69hxadh5pl9d6q0a35y3mfx8ls5quxuqgla8t,1599484445000000000000000000,1599484445
core1z6dgyskznu3rj7zht3uftejvsqvldw6m6m95au,corevaloper1q69hxadh5pl9d6q0a35y3mfx8ls5quxuqgla8t,6572505314000000000000000000,6572505314
core1zaxjnh0g09xt5q2w7a2nq7j83m9ydhqxhjkfay,corevaloper1q69hxadh5pl9d6q0a35y3mfx8ls5quxuqgla8t,4189012485000000000000000000,4189012485
core1rqdkthd875uaejxfnzmpd7lnquh4cm0fqanavh,corevaloper1q69hxadh5pl9d6q0a35y3mfx8ls5quxuqgla8t,62000000000000000000000000,62000000
core1rp2zdvx5des8mz5jl3v2tpzljg32gfvsc9gx47,corevaloper1q69hxadh5pl9d6q0a35y3mfx8ls5quxuqgla8t,8127497840000000000000000000,8127497840
core1rpvrmr023ew56permzcm53lwl0s7l46qczhmwh,corevaloper1q69hxadh5pl9d6q0a35y3mfx8ls5quxuqgla8t,2000000001000000000000000000,2000000001
core1ryrat2ul34vz9hc828f0hufwqj2exvzesmaatk,corevaloper1q69hxadh5pl9d6q0a35y3mfx8ls5quxuqgla8t,101000000000000000000000000,101000000
core1ryxhplnwpk9tf5mv494448n7q2tsq3sn2ae5qz,corevaloper1q69hxadh5pl9d6q0a35y3mfx8ls5quxuqgla8t,5919749646000000000000000000,5919749646
core1rwfpqv6kytztrka2jzgsuzhlfmm7k6uc0xsw0d,corevaloper1q69hxadh5pl9d6q0a35y3mfx8ls5quxuqgla8t,3935000000000000000000000000,3935000000
core1rhhukkkca0e3pfhl3d2g0ply803eyy80844r6p,corevaloper1q69hxadh5pl9d6q0a35y3mfx8ls5quxuqgla8t,151602678000000000000000000,151602678
core1reavw9mj6a094hy44y96m296haej09srq4qh8d,corevaloper1q69hxadh5pl9d6q0a35y3mfx8ls5quxuqgla8t,1045000000000000000000000000,1045000000
core1r6fex3xqvx2nftcetvd3c9q855629w2jvjktpc,corevaloper1q69hxadh5pl9d6q0a35y3mfx8ls5quxuqgla8t,20000000000000000000000000000,20000000000
core1rm24l7knk9gygpat429p2vxkr38v7cfrzu5usg,corevaloper1q69hxadh5pl9d6q0a35y3mfx8ls5quxuqgla8t,3845762257000000000000000000,3845762257
core1rul94yu2u2vfar4nddg748m5hmtkxqzzemx3u2,corevaloper1q69hxadh5pl9d6q0a35y3mfx8ls5quxuqgla8t,663683323000000000000000000,663683323
core1r74s3zzye0ukwt04eveump6kuftm6c7fqdvmjd,corevaloper1q69hxadh5pl9d6q0a35y3mfx8ls5quxuqgla8t,107458467000000000000000000,107458467
core1r77vj6eh5jhd6k6p53pql95c26kx6lrafza6cv,corevaloper1q69hxadh5pl9d6q0a35y3mfx8ls5quxuqgla8t,32000000000000000000000000000,32000000000
core1rlkrrkfmcpqxn7535pwkap4cf8hhk0wan6rn8t,corevaloper1q69hxadh5pl9d6q0a35y3mfx8ls5quxuqgla8t,2900983857000000000000000000,2900983857
core1ypnea5lhwzl5y576elarpqnk4uct6gxlvnhugx,corevaloper1q69hxadh5pl9d6q0a35y3mfx8ls5quxuqgla8t,6662137661000000000000000000,6662137661
core1yzck0fqcgvhvn2hnmeqxfdgj5yypqfmc8vljm2,corevaloper1q69hxadh5pl9d6q0a35y3mfx8ls5quxuqgla8t,359922170000000000000000000,359922170
core1yrnjcz4nqvvzps6cqzjauwq47k0wcallcehknm,corevaloper1q69hxadh5pl9d6q0a35y3mfx8ls5quxuqgla8t,294078090000000000000000000,294078090
core1yyatg2ma7sky43vm09ef5ukcr3y80kv9p5rqfc,corevaloper1q69hxadh5pl9d6q0a35y3mfx8ls5quxuqgla8t,5000000000000000000000000,5000000
core1yt777m77rqwqx9lgxpt2tvuqkyq9tqgl6s8lwn,corevaloper1q69hxadh5pl9d6q0a35y3mfx8ls5quxuqgla8t,732664883000000000000000000,732664883
core1yddgy3cq8u228gxhhu9tg5wecx7wqj6rqvkvsa,corevaloper1q69hxadh5pl9d6q0a35y3mfx8ls5quxuqgla8t,987728000000000000000000,987728
core1yd6jefflp678cat8a4wle2jqrucvz586xjwmcr,corevaloper1q69hxadh5pl9d6q0a35y3mfx8ls5quxuqgla8t,2318638999000000000000000000,2318638999
core1yj2v2ha69uvu9cfmu89cmhrnww9cy9mgf7eu9q,corevaloper1q69hxadh5pl9d6q0a35y3mfx8ls5quxuqgla8t,39500000000000000000000000,39500000
core1y4l9zvnq4l52cwhmxr49plr2u5560u5lgqtctc,corevaloper1q69hxadh5pl9d6q0a35y3mfx8ls5quxuqgla8t,3007779193000000000000000000,3007779193
core1y64nn954dc5av4j9xv0zu5p7ewycq6l725pcsx,corevaloper1q69hxadh5pl9d6q0a35y3mfx8ls5quxuqgla8t,366719664000000000000000000,366719664
core1yu42alyeyp0634vulgtkugnrz8rt0duxh903ym,corevaloper1q69hxadh5pl9d6q0a35y3mfx8ls5quxuqgla8t,1503570059000000000000000000,1503570059
core19zt29j37pgrmfwp4x8dq9pw5ksrdfjjrpl37uz,corevaloper1q69hxadh5pl9d6q0a35y3mfx8ls5quxuqgla8t,8195000000000000000000000000,8195000000
core198zrcm8nlu3j42mvhls4h7ce0v66yxktnfd2km,corevaloper1q69hxadh5pl9d6q0a35y3mfx8ls5quxuqgla8t,402000000000000000000000000,402000000
core19t0dhrl444r4y4rlnnp297zagyfynl0nnjcw4z,corevaloper1q69hxadh5pl9d6q0a35y3mfx8ls5quxuqgla8t,11519247913000000000000000000,11519247913
core19vlxsp2p9sqplsw6zhjjtuchd2yg4wnnmlzmhn,corevaloper1q69hxadh5pl9d6q0a35y3mfx8ls5quxuqgla8t,23500000000000000000000000,23500000
core1907yn5r78ew4kjrwc9yd20ppzapmfwyhv6ck2q,corevaloper1q69hxadh5pl9d6q0a35y3mfx8ls5quxuqgla8t,540500000000000000000000000,540500000
core19swwymza4a0n8u8x9qf4wr5zj3plelklgge2q8,corevaloper1q69hxadh5pl9d6q0a35y3mfx8ls5quxuqgla8t,10000000000000000000000000,10000000
core19jsthsr0rmvthamjy4rh65hndu7g5z0uqqxsqk,corevaloper1q69hxadh5pl9d6q0a35y3mfx8ls5quxuqgla8t,3369000000000000000000000000,3369000000
core197zxeld9wxj54ql448rkhsdkjuknxrkmavtwcr,corevaloper1q69hxadh5pl9d6q0a35y3mfx8ls5quxuqgla8t,21909974000000000000000000,21909974
core1xy5t8s4mul0xtj0gqhatv72j9m5lsg9pdwzvc2,corevaloper1q69hxadh5pl9d6q0a35y3mfx8ls5quxuqgla8t,21483658918000000000000000000,21483658918
core1xy7alfcugltf292y0sqnkp8m4ygzvj6gt5xzk8,corevaloper1q69hxadh5pl9d6q0a35y3mfx8ls5quxuqgla8t,1155834886000000000000000000,1155834886
core1x8hfugzhfr0qerz2s9uppd2s3z7mhrzv6f2tah,corevaloper1q69hxadh5pl9d6q0a35y3mfx8ls5quxuqgla8t,2600000000000000000000000000,2600000000
core1x2hq4nt5std9hujudfyljx8ce8z4g747wev0mr,corevaloper1q69hxadh5pl9d6q0a35y3mfx8ls5quxuqgla8t,100000000000000000000,100
core1xvnvask6nsekx7xsc0cfh5uts6vzk0d3372j79,corevaloper1q69hxadh5pl9d6q0a35y3mfx8ls5quxuqgla8t,3179871051000000000000000000,3179871051
core1xc05azykaghlngrpwdml5g7xezv3vs6dcmfqwf,corevaloper1q69hxadh5pl9d6q0a35y3mfx8ls5quxuqgla8t,863900000000000000000000000,863900000
core1xmvk8fplud6w2qjvdnyzn900wys9285jerdhlk,corevaloper1q69hxadh5pl9d6q0a35y3mfx8ls5quxuqgla8t,90067000000000000000000000000,90067000000
core1xun7yhvgq998n04qxrgsrtt9fxt39ufas97rsj,corevaloper1q69hxadh5pl9d6q0a35y3mfx8ls5quxuqgla8t,49999984738000000000000000000,49999984738
core1xue6ll2ghy4qczg28umdff8wxe558mmmutr6j9,corevaloper1q69hxadh5pl9d6q0a35y3mfx8ls5quxuqgla8t,200000000000000000000000000,200000000
core1x7vrmx3zg8jw32c56u030zjmljwpjyywanht9p,corevaloper1q69hxadh5pl9d6q0a35y3mfx8ls5quxuqgla8t,105009582000000000000000000,105009582
core18fz3rvv8e5p4py7ykj0sfxkssrzhzr3tks5yf7,corevaloper1q69hxadh5pl9d6q0a35y3mfx8ls5quxuqgla8t,214400000000000000000000000,214400000
core18ta2rycu3qd8qazph28354ed0p6kspfv9d3jk9,corevaloper1q69hxadh5pl9d6q0a35y3mfx8ls5quxuqgla8t,6194277273000000000000000000,6194277273
core180uaqfp4z5l3s8n5pqjwkswmrzygg4f6jfv3sw,corevaloper1q69hxadh5pl9d6q0a35y3mfx8ls5quxuqgla8t,400000000000000000000000000,400000000
core1gvp86zrq7vk3e26cm80ptsyllqaqfckjpma038,corevaloper1q69hxadh5pl9d6q0a35y3mfx8ls5quxuqgla8t,56000000000000000000000000,56000000
core1gukrf927q36m7rqqy8vv6smncflvuu6yphq4nk,corevaloper1q69hxadh5pl9d6q0a35y3mfx8ls5quxuqgla8t,663670861000000000000000000,663670861
core1gaq8y7h5wj7apq8nv6tpjk3xtp4s9svtpunhyq,corevaloper1q69hxadh5pl9d6q0a35y3mfx8ls5quxuqgla8t,300000134218000000000000000000,300000134218
core1g7qfffwqxy2vpwv649ag2fna6frzqlaj05ln9k,corevaloper1q69hxadh5pl9d6q0a35y3mfx8ls5quxuqgla8t,287500000000000000000000000,287500000
core1g7jwjw8pqpx04v0gxl05hvqc5shkknrzxkxg96,corevaloper1q69hxadh5pl9d6q0a35y3mfx8ls5quxuqgla8t,2470000000000000000000000000,2470000000
core1fzu00vqatktpttrha5j7sk8eut6cp8k7cfmtrd,corevaloper1q69hxadh5pl9d6q0a35y3mfx8ls5quxuqgla8t,194500644983000000000000000000,194500644983
core1frks5lkuurvpjqjj52yle9ngyfv5f43pf0e2jj,corevaloper1q69hxadh5pl9d6q0a35y3mfx8ls5quxuqgla8t,174000000000000000000000000,174000000
core1fy8tf0t3kz6pdzgdds3zfmt32e3rh4xe8zj0rs,corevaloper1q69hxadh5pl9d6q0a35y3mfx8ls5quxuqgla8t,13322000000000000000000000000,13322000000
core1fsh6ty4jqvgsnegzt6rnzvvh835xyt9xe3jtue,corevaloper1q69hxadh5pl9d6q0a35y3mfx8ls5quxuqgla8t,25003069000000000000000000000,25003069000
core1fjxa5s8wz75rp7qgrs9lqvw0qr2gt0nny6sjz9,corevaloper1q69hxadh5pl9d6q0a35y3mfx8ls5quxuqgla8t,9999999999000000000000000000,9999999999
core1f4pdpcjamjhedduqn2a3m0nmdx7nmdzeqfp9vk,corevaloper1q69hxadh5pl9d6q0a35y3mfx8ls5quxuqgla8t,5000000000000000000000000,5000000
core1f4mfmaxfyz76q4xn25zw8mhgprp24hx273jq4q,corevaloper1q69hxadh5pl9d6q0a35y3mfx8ls5quxuqgla8t,1240701797000000000000000000,1240701797
core1fk6teme9c8cdz98n4ju2q7ds73kfhhehuu925c,corevaloper1q69hxadh5pl9d6q0a35y3mfx8ls5quxuqgla8t,50000000000000000000000000,50000000
core1fkama3hk3jrsgnhje844lv8nu6m5gwtn3x5q3z,corevaloper1q69hxadh5pl9d6q0a35y3mfx8ls5quxuqgla8t,550000000000000000000000000,550000000
core1fh26mmh6wszjchm5jdj39glf3p329tv5ad5aq9,corevaloper1q69hxadh5pl9d6q0a35y3mfx8ls5quxuqgla8t,190371580000000000000000000,190371580
core1fc9n2x0xk85mgva9eg623uneknnm9t9kfxrv57,corevaloper1q69hxadh5pl9d6q0a35y3mfx8ls5quxuqgla8t,300553238000000000000000000,300553238
core1fu4k8ckhnkamnfkm850q8kkvf5hcv5m4x5xk6r,corevaloper1q69hxadh5pl9d6q0a35y3mfx8ls5quxuqgla8t,222751793000000000000000000,222751793
core12qp29pmd3q5l7uuynwn9ghzf2xga8m0uhzyhzn,corevaloper1q69hxadh5pl9d6q0a35y3mfx8ls5quxuqgla8t,10000000000000000000000000000,10000000000
core12xuzr2j9ezcdpn6guq79p6dl5m8cnf2tqepy4w,corevaloper1q69hxadh5pl9d6q0a35y3mfx8ls5quxuqgla8t,319707648000000000000000000,319707648
core128g2qf7vc2fsgxlqlwvugzgvlxj2fte58tuysz,corevaloper1q69hxadh5pl9d6q0a35y3mfx8ls5quxuqgla8t,6395999999000000000000000000,6395999999
core128n83mnzfggl5pzuuza6ylxdcul6n0c0tzdy5k,corevaloper1q69hxadh5pl9d6q0a35y3mfx8ls5quxuqgla8t,1957961909000000000000000000,1957961909
core122ufuncve8pupqc0nd7yjyk5kqtr7l3w9j9rjl,corevaloper1q69hxadh5pl9d6q0a35y3mfx8ls5quxuqgla8t,4869615552000000000000000000,4869615552
core12t6jlpy0r5t68323nserxa5padpcv2e0efzm7x,corevaloper1q69hxadh5pl9d6q0a35y3mfx8ls5quxuqgla8t,2086803840000000000000000000,2086803840
core12v9lp9mcuax3ddlcfl8vfxywq2ggslaa4zj4ll,corevaloper1q69hxadh5pl9d6q0a35y3mfx8ls5quxuqgla8t,300000000000000000000000000,300000000
core12nnnj353v4nepmeq6xkh0edq8gd6zh638z5p2d,corevaloper1q69hxadh5pl9d6q0a35y3mfx8ls5quxuqgla8t,100000000000000000000000000,100000000
core12nc70drnd5wgm4zxllepd7z6n3eprn8kzr3s0j,corevaloper1q69hxadh5pl9d6q0a35y3mfx8ls5quxuqgla8t,519277930000000000000000000,519277930
core12lrx6u604qhj2chvnut2djusm77kt7fhq7uuua,corevaloper1q69hxadh5pl9d6q0a35y3mfx8ls5quxuqgla8t,97942480000000000000000000,97942480
core12lmk2j9y52d3023mc8f4sjzyqezvadujlckjln,corevaloper1q69hxadh5pl9d6q0a35y3mfx8ls5quxuqgla8t,566000000000000000000000000,566000000
core1tzx877gvzwjw082z82dp3xw4csgpyadm29gra2,corevaloper1q69hxadh5pl9d6q0a35y3mfx8ls5quxuqgla8t,1682122535000000000000000000,1682122535
core1tz7wgjtpcu3tknyagc4g0d8eqh3a6n5pu2shv4,corevaloper1q69hxadh5pl9d6q0a35y3mfx8ls5quxuqgla8t,6672117826000000000000000000,6672117826
core1txs8h2cvj2kylmy8fhpr7t7tunhftl7p9uvlul,corevaloper1q69hxadh5pl9d6q0a35y3mfx8ls5quxuqgla8t,3000000000000000000000000000,3000000000
core1tveflnp8lwy89gd8xwc8eckk7fzvx7ne082jx7,corevaloper1q69hxadh5pl9d6q0a35y3mfx8ls5quxuqgla8t,1300000000000000000000000000,1300000000
core1twuv44emsnnk62p4h0jw5vkm7tzjh5n67emynj,corevaloper1q69hxadh5pl9d6q0a35y3mfx8ls5quxuqgla8t,6000000000000000000000000000,6000000000
core1t4vxsxygs0j03qhq7n7l979a4048xx2ddvdnrf,corevaloper1q69hxadh5pl9d6q0a35y3mfx8ls5quxuqgla8t,550000000000000000000000000,550000000
core1tcu85fhw75pss207ka0p9mmk4fpuk7pkk6l0m7,corevaloper1q69hxadh5pl9d6q0a35y3mfx8ls5quxuqgla8t,23200000000000000000000000000,23200000000
core1tmuxzfflglrykng07xwsqglv73a2g6lnf7pv9d,corevaloper1q69hxadh5pl9d6q0a35y3mfx8ls5quxuqgla8t,17370000000000000000000000,17370000
core1tllevkn04rnenh6dfquy3uszdmwkxprkjqz7kf,corevaloper1q69hxadh5pl9d6q0a35y3mfx8ls5quxuqgla8t,4164761965000000000000000000,4164761965
core1vqkqd3a802ytxtq53ma2lk0d38zlwgtm4ymmm8,corevaloper1q69hxadh5pl9d6q0a35y3mfx8ls5quxuqgla8t,2024000000000000000000000000,2024000000
core1vzrrc8uxg32ge5385dvv6asth49d9e04z2jug5,corevaloper1q69hxadh5pl9d6q0a35y3mfx8ls5quxuqgla8t,157300000000000000000000000,157300000
core1v9vsv5cuhr4dvrksheze25ndnh038zwj9ngppw,corevaloper1q69hxadh5pl9d6q0a35y3mfx8ls5quxuqgla8t,1583000000000000000000000000,1583000000
core1vgu2sk69dwhvzhkyyrtsph2hcwqmvmq7y9pjr5,corevaloper1q69hxadh5pl9d6q0a35y3mfx8ls5quxuqgla8t,1080000000000000000000000000,1080000000
core1vtt75r9wq6g7kz0vz5h3fv3va32tq9fjwwx47e,corevaloper1q69hxadh5pl9d6q0a35y3mfx8ls5quxuqgla8t,2524969871000000000000000000,2524969871
core1vt74sg6zvdn2ctlnqm4qvg5jkk69qhujy3y9w8,corevaloper1q69hxadh5pl9d6q0a35y3mfx8ls5quxuqgla8t,638510859000000000000000000,638510859
core1vjqmfrugjypnsv3lnaalw9c6dlsnwhgp0vs0g5,corevaloper1q69hxadh5pl9d6q0a35y3mfx8ls5quxuqgla8t,1004124151000000000000000000,1004124151
core1v57kgcu3z3djag3x5vp40l6txaxepmxres77hr,corevaloper1q69hxadh5pl9d6q0a35y3mfx8ls5quxuqgla8t,22014722786000000000000000000,22014722786
core1v459xhgy4vpmtvjc7aqga5cusx56jep7k42va4,corevaloper1q69hxadh5pl9d6q0a35y3mfx8ls5quxuqgla8t,1132000000000000000000000000,1132000000
core1vkprhesrn6nqe37e4aq6yucy27eygknuf3fe78,corevaloper1q69hxadh5pl9d6q0a35y3mfx8ls5quxuqgla8t,12382056358000000000000000000,12382056358
core1v75wmsnzz87f745tsyuqyfl0vl2gk8hxzh3mzt,corevaloper1q69hxadh5pl9d6q0a35y3mfx8ls5quxuqgla8t,100000000000000000000000,100000
core1v7hfh0er0pcqqu6e286j7cgg7aa22wk979pvwx,corevaloper1q69hxadh5pl9d6q0a35y3mfx8ls5quxuqgla8t,7844438274000000000000000000,7844438274
core1dgu8gf8smqejkms9ed73083p8cz7mz96kv5yma,corevaloper1q69hxadh5pl9d6q0a35y3mfx8ls5quxuqgla8t,250000000000000000000000000,250000000
core1df0mwm3s82lm7dlrc5c52eez66uf6pt3pkd3au,corevaloper1q69hxadh5pl9d6q0a35y3mfx8ls5quxuqgla8t,25595672000000000000000000,25595672
core1df4r6wqhtuk33p5ty4aga8ns2gy3xlk62yjc6s,corevaloper1q69hxadh5pl9d6q0a35y3mfx8ls5quxuqgla8t,16764738000000000000000000,16764738
core1d08uugr9xhxgmlk0ywt32saw6nm88a4j0qfl44,corevaloper1q69hxadh5pl9d6q0a35y3mfx8ls5quxuqgla8t,450000000000000000000000000,450000000
core1d4yz0awrhx5l9rd22ysumq2us9vrjad0hwdkwk,corevaloper1q69hxadh5pl9d6q0a35y3mfx8ls5quxuqgla8t,663687576000000000000000000,663687576
core1dht5khy698q4yzj89pjcgcvfqyjj32rrct37lv,corevaloper1q69hxadh5pl9d6q0a35y3mfx8ls5quxuqgla8t,2748000000000000000000,2748
core1dhs9hv7n3s0l7qru5f2wxscylkhvd6n72alvqz,corevaloper1q69hxadh5pl9d6q0a35y3mfx8ls5quxuqgla8t,130000000000000000000000000,130000000
core1dmxna33azqkefvlkfdyz2h2cztcpzwv0nmwyrp,corevaloper1q69hxadh5pl9d6q0a35y3mfx8ls5quxuqgla8t,3614369336000000000000000000,3614369336
core1da62qw2m46h7rxa7rs44ch94kmdnje270u4xy7,corevaloper1q69hxadh5pl9d6q0a35y3mfx8ls5quxuqgla8t,8790000000000000000000000000,8790000000
core1dlvlnwv7w73z25k5lm27egxvz6tjr64svvgt85,corevaloper1q69hxadh5pl9d6q0a35y3mfx8ls5quxuqgla8t,15000000000000000000000000000,15000000000
core1wp9p84f8hrlxwk68u3rxm2nv9gawqr2w87qaeh,corevaloper1q69hxadh5pl9d6q0a35y3mfx8ls5quxuqgla8t,490000000000000000000000000,490000000
core1wzkm5jdl3mxrtq7nnzw6p5846wxskn0vk4hwl6,corevaloper1q69hxadh5pl9d6q0a35y3mfx8ls5quxuqgla8t,210080000000000000000000000,210080000
core1w9x6y5yskwwr5yrj09p37elqdpmkrqa6kjxk2h,corevaloper1q69hxadh5pl9d6q0a35y3mfx8ls5quxuqgla8t,10000000000000000000000000000,10000000000
core1wnrq7j8upgu9v5ndcl9zg0wsaxzvvacwqtfmjg,corevaloper1q69hxadh5pl9d6q0a35y3mfx8ls5quxuqgla8t,3000000000000000000000000000,3000000000
core1wurmnahskyuz9jac4ynj3crtea25ru3vun59ws,corevaloper1q69hxadh5pl9d6q0a35y3mfx8ls5quxuqgla8t,48415000000000000000000000,48415000
core10pdkwp5kqcchmt5pr0wy02yk6wa3p6f29855nx,corevaloper1q69hxadh5pl9d6q0a35y3mfx8ls5quxuqgla8t,190000000000000000000000000,190000000
core102g3l8fdwv234dx56kvqptztchajup5699v5yp,corevaloper1q69hxadh5pl9d6q0a35y3mfx8ls5quxuqgla8t,35000000000000000000000000,35000000
core102tx3q237lewh6s6ldsc0au6avqp7xjzsahpnc,corevaloper1q69hxadh5pl9d6q0a35y3mfx8ls5quxuqgla8t,1147000000000000000000000000,1147000000
core10s3xlujv3as58smc5k3kdw0u6qql2r0gunexlt,corevaloper1q69hxadh5pl9d6q0a35y3mfx8ls5quxuqgla8t,10222466000000000000000000,10222466
core10ndk60s6l6jdc52pwagdxdxq9dsf52ecqtuh2j,corevaloper1q69hxadh5pl9d6q0a35y3mfx8ls5quxuqgla8t,528000000000000000000000000,528000000
core107rcfula8mxw7ze6kt75zjh2ht9u7ug7p0k4s9,corevaloper1q69hxadh5pl9d6q0a35y3mfx8ls5quxuqgla8t,3000000000000000000000000000,3000000000
core1szr7sgx9jgm4ervuw3asnkree4vrl6p9gz50gy,corevaloper1q69hxadh5pl9d6q0a35y3mfx8ls5quxuqgla8t,67993718000000000000000000,67993718
core1ssjdx5temcttylr6m7p77fzfwue5fej00xnavv,corevaloper1q69hxadh5pl9d6q0a35y3mfx8ls5quxuqgla8t,682507425000000000000000000,682507425
core1shl38cnguvaf4z8aawr99xmp5lmqv0haachye3,corevaloper1q69hxadh5pl9d6q0a35y3mfx8ls5quxuqgla8t,101430155000000000000000000,101430155
core13pv7thdyl268xsttaenaruweyj7qc5lf0lpjuz,corevaloper1q69hxadh5pl9d6q0a35y3mfx8ls5quxuqgla8t,8300000000000000000000000,8300000
core13pmvj2xmatx35u4ca0f89jsv68r0u9yu0ufutk,corevaloper1q69hxadh5pl9d6q0a35y3mfx8ls5quxuqgla8t,125698000000000000000000000000,125698000000
core138gy9zmrx5tar6yrtavu8gpq077xk34kykpxvr,corevaloper1q69hxadh5pl9d6q0a35y3mfx8ls5quxuqgla8t,4200000000000000000000000000,4200000000
core1329lh4n8uh0hemgxhhkkn4q38904rx64xvw7nm,corevaloper1q69hxadh5pl9d6q0a35y3mfx8ls5quxuqgla8t,210000000000000000000000000,210000000
core13wd7mfk4hrh3x2t25s2wzwte4h3xn6fjkyxqdm,corevaloper1q69hxadh5pl9d6q0a35y3mfx8ls5quxuqgla8t,100000000000000000000000000000,100000000000
core13jjupt383qz5vjeudjl9n5e03892gpc2geenry,corevaloper1q69hxadh5pl9d6q0a35y3mfx8ls5quxuqgla8t,780000000000000000000000000,780000000
core1358f3p06njy3d7qta50wjnx7mjg5fr3ef5c38n,corevaloper1q69hxadh5pl9d6q0a35y3mfx8ls5quxuqgla8t,622649266000000000000000000,622649266
core1jpwcln9n9j5hj76dy0ykck69aw6amklhq3vhzv,corevaloper1q69hxadh5pl9d6q0a35y3mfx8ls5quxuqgla8t,16091538416000000000000000000,16091538416
core1jxvk0dlepxmz2lrqj4uyrdzn4n253zt093twag,corevaloper1q69hxadh5pl9d6q0a35y3mfx8ls5quxuqgla8t,11815350851000000000000000000,11815350851
core1jtrjf4p48jsdfju55n7ah7thw3tfaam936n0lv,corevaloper1q69hxadh5pl9d6q0a35y3mfx8ls5quxuqgla8t,3000000000000000000000000000,3000000000
core1jjdcx68e3z3k8mumul32ktkk30v5x5c73cgu4a,corevaloper1q69hxadh5pl9d6q0a35y3mfx8ls5quxuqgla8t,200053483000000000000000000,200053483
core1jmj9p07qzs4puhlcfwh0vhg08a037ndauf85xe,corevaloper1q69hxadh5pl9d6q0a35y3mfx8ls5quxuqgla8t,333496199000000000000000000,333496199
core1jlwexsllpt3aa4zdsmjprsxjutcyx94k00msta,corevaloper1q69hxadh5pl9d6q0a35y3mfx8ls5quxuqgla8t,2220228353000000000000000000,2220228353
core1ngmskdv309gcdmek8es03n8sz99akh6rhxf8vw,corevaloper1q69hxadh5pl9d6q0a35y3mfx8ls5quxuqgla8t,38501748821000000000000000000,38501748821
core1n236jd29uykwja34v6c3dsmf7nq635h6mmtd5w,corevaloper1q69hxadh5pl9d6q0a35y3mfx8ls5quxuqgla8t,255346174000000000000000000,255346174
core1ncnx2pl7pj0un3v0xwkkhsmyjwr66pvma3v50v,corevaloper1q69hxadh5pl9d6q0a35y3mfx8ls5quxuqgla8t,325000000000000000000000000,325000000
core158e2f2lwsxjf9hzyttasjlnx5tga50t5myjzry,corevaloper1q69hxadh5pl9d6q0a35y3mfx8ls5quxuqgla8t,39466000000000000000000000,39466000
core15sz59ucx6s4shg0rh9ulzdmgz435436sz9h4l6,corevaloper1q69hxadh5pl9d6q0a35y3mfx8ls5quxuqgla8t,4198000000000000000000000000,4198000000
core154weqv7meqecjulyn2fvdw8kfmdtwx3hw237zq,corevaloper1q69hxadh5pl9d6q0a35y3mfx8ls5quxuqgla8t,484000000000000000000000000,484000000
core15k7nar6r0u3d2a7a37jew5efgf9cufwdwjeww8,corevaloper1q69hxadh5pl9d6q0a35y3mfx8ls5quxuqgla8t,381000000000000000000000000,381000000
core15htd9cxktx636x7r7r2vxz9ruqjllwdmgqq5mj,corevaloper1q69hxadh5pl9d6q0a35y3mfx8ls5quxuqgla8t,3194600000000000000000000000,3194600000
core15mr5e3awy2gkxkkp6te6wyly2u5s4m7y3jlruh,corevaloper1q69hxadh5pl9d6q0a35y3mfx8ls5quxuqgla8t,93000000000000000000000000,93000000
core15aeecdapqkgx2m26m42jnhwwahzdsrhydmr5en,corevaloper1q69hxadh5pl9d6q0a35y3mfx8ls5quxuqgla8t,1003000000000000000000000000,1003000000
core157ucrnxzf35w295dzs42ywg5ezldpuatdu9ade,corevaloper1q69hxadh5pl9d6q0a35y3mfx8ls5quxuqgla8t,552702511000000000000000000,552702511
core14g4h7fwd5kqplgvjywcld280x28exx58rc9zkf,corevaloper1q69hxadh5pl9d6q0a35y3mfx8ls5quxuqgla8t,6036356967000000000000000000,6036356967
core14ft60cp79hudhkd5hvufp4uyrmvujatar9h9ws,corevaloper1q69hxadh5pl9d6q0a35y3mfx8ls5quxuqgla8t,25000000000000000000000000000,25000000000
core14dqsuhj4sqz4r4mh5yc5rlp00jj8ype7tzanes,corevaloper1q69hxadh5pl9d6q0a35y3mfx8ls5quxuqgla8t,2000000000000000000000000000,2000000000
core145xcrfk3qnr2uyrs3h2sw0x37te4xy435vfh8j,corevaloper1q69hxadh5pl9d6q0a35y3mfx8ls5quxuqgla8t,50000000000000000000000000,50000000
core14kkw0rtee2h20tau69guejxwal7s526rwhdeeh,corevaloper1q69hxadh5pl9d6q0a35y3mfx8ls5quxuqgla8t,265000000000000000000000000,265000000
core14cvtyr0k7d3cj2syaxfs0frk6prmdc5fsur3g8,corevaloper1q69hxadh5pl9d6q0a35y3mfx8ls5quxuqgla8t,2017727282000000000000000000,2017727282
core14e04xex0yg635r46u36l2l320t980xdhq6v4hj,corevaloper1q69hxadh5pl9d6q0a35y3mfx8ls5quxuqgla8t,1080000000000000000000000000,1080000000
core14m6epwjzpt3vlcqzsggecydtdxw7905fsulqu5,corevaloper1q69hxadh5pl9d6q0a35y3mfx8ls5quxuqgla8t,13030000000000000000000000000,13030000000
core14a9t79dy6a9ukk3ujus50lpuxmvm2zp7903jks,corevaloper1q69hxadh5pl9d6q0a35y3mfx8ls5quxuqgla8t,10000000000000000000000000,10000000
core14a957r9wpdu2s2fcqpf5fwealvajjp87z7rrk3,corevaloper1q69hxadh5pl9d6q0a35y3mfx8ls5quxuqgla8t,4252189216000000000000000000,4252189216
core14l9ky8as4sjxzvg3js2v658jz3ds7jd5fwxlt5,corevaloper1q69hxadh5pl9d6q0a35y3mfx8ls5quxuqgla8t,5162829954000000000000000000,5162829954
core1ky5y48jku0s8lr4maehj49p6rxkfhx2rkzcwga,corevaloper1q69hxadh5pl9d6q0a35y3mfx8ls5quxuqgla8t,210000000000000000000000000,210000000
core1k2dg93px0vy56hlg2e4ghlh47lge8enfwddh86,corevaloper1q69hxadh5pl9d6q0a35y3mfx8ls5quxuqgla8t,442239800000000000000000000,442239800
core1ktrjlwd6uq532lyewknr7gstlcrejza0qltj2n,corevaloper1q69hxadh5pl9d6q0a35y3mfx8ls5quxuqgla8t,85500000000000000000000000,85500000
core1kdxd44vx9mykdrcf9xkj0unsqgqqmwl55j3j7c,corevaloper1q69hxadh5pl9d6q0a35y3mfx8ls5quxuqgla8t,4500000000000000000000000,4500000
core1k0nj3atetp4mp5e7ppe8menczacd2kjnenhy87,corevaloper1q69hxadh5pl9d6q0a35y3mfx8ls5quxuqgla8t,1000000000000000000000000000,1000000000
core1k5hy2dkgn3h2tywnw2mf8ep0etg4j6ylkt6hvw,corevaloper1q69hxadh5pl9d6q0a35y3mfx8ls5quxuqgla8t,76579187000000000000000000,76579187
core1khcr60s8wrpjt9qk5089ldtnc98glajafsetzj,corevaloper1q69hxadh5pl9d6q0a35y3mfx8ls5quxuqgla8t,2448785000000000000000000000,2448785000
core1kad03xhj9zqtpxrs7x05pufn0c0at8ega60z4h,corevaloper1q69hxadh5pl9d6q0a35y3mfx8ls5quxuqgla8t,493057000000000000000000000,493057000
core1hq6pu6xxk9en8dam754ldsnzyvy0zl4nzweg9a,corevaloper1q69hxadh5pl9d6q0a35y3mfx8ls5quxuqgla8t,93100932000000000000000000,93100932
core1h9jz5dcl7evtp7l6cw2kx2rvnzcjwsk5s9kxym,corevaloper1q69hxadh5pl9d6q0a35y3mfx8ls5quxuqgla8t,65032969887000000000000000000,65032969887
core1hv9n4lc998au3zmf0uqgh3v495w32vwl0hsegs,corevaloper1q69hxadh5pl9d6q0a35y3mfx8ls5quxuqgla8t,250000000000000000000000000,250000000
core1hv6g7tygg086eczl8u82hmumvkeqx84nuntqx6,corevaloper1q69hxadh5pl9d6q0a35y3mfx8ls5quxuqgla8t,12277000000000000000000000000,12277000000
core1hj4h6xa33mq752tkgyr3wjnffaxs22ecavpsq2,corevaloper1q69hxadh5pl9d6q0a35y3mfx8ls5quxuqgla8t,2547960901000000000000000000,2547960901
core1h5nv778yctw84s67xcvv02nr2pzygefzzfqjuv,corevaloper1q69hxadh5pl9d6q0a35y3mfx8ls5quxuqgla8t,640000000000000000000000000,640000000
core1hclmpqz55x4qf6dfsuug72r95hkjnd3uycgma9,corevaloper1q69hxadh5pl9d6q0a35y3mfx8ls5quxuqgla8t,11128633244000000000000000000,11128633244
core1hu66tz9375p4mv6h0r029lj2rwyyk8s96h7t32,corevaloper1q69hxadh5pl9d6q0a35y3mfx8ls5quxuqgla8t,27483500000000000000000000,27483500
core1h7r4dx5s3ee0q77rzwxth643wrgzgdrffwf7e4,corevaloper1q69hxadh5pl9d6q0a35y3mfx8ls5quxuqgla8t,26000000000000000000000000,26000000
core1hledy7wjnz8548dn5j9epyq4qcyts8xzkn79mk,corevaloper1q69hxadh5pl9d6q0a35y3mfx8ls5quxuqgla8t,32672715284000000000000000000,32672715284
core1cznpncahn2zt67xqdg2yffkj9up6cnufcyphm6,corevaloper1q69hxadh5pl9d6q0a35y3mfx8ls5quxuqgla8t,19017889000000000000000000,19017889
core1cyfjaejry8zwv3l2ru9evn5td7mdkazfkkm8tm,corevaloper1q69hxadh5pl9d6q0a35y3mfx8ls5quxuqgla8t,2490000000000000000000000,2490000
core1cx94zzrcrcfhhgcll0sykx04n7cc54dt6yunky,corevaloper1q69hxadh5pl9d6q0a35y3mfx8ls5quxuqgla8t,15000000000000000000000000,15000000
core1c8ver2e9qjqhad9p69faxlwmh6he0jpzf68jv7,corevaloper1q69hxadh5pl9d6q0a35y3mfx8ls5quxuqgla8t,1073314201000000000000000000,1073314201
core1cg8y0xknep2wkkv6a06sjy7jrmf26nycdkd7pg,corevaloper1q69hxadh5pl9d6q0a35y3mfx8ls5quxuqgla8t,10071000000000000000000000000,10071000000
core1cfeqlhz05r4k0zzjpjcjg57cgctm2g63m7z9yw,corevaloper1q69hxadh5pl9d6q0a35y3mfx8ls5quxuqgla8t,10735728268000000000000000000,10735728268
core1ctq6esla3d299l3768g8329uxghpry2m35x56h,corevaloper1q69hxadh5pl9d6q0a35y3mfx8ls5quxuqgla8t,508540766000000000000000000,508540766
core1cnef8l4xa626x47rwm5swfm4e8vnk56sn9zrf3,corevaloper1q69hxadh5pl9d6q0a35y3mfx8ls5quxuqgla8t,220214943000000000000000000,220214943
core1c4wdm4rn8dps43ryre5zlvhr02mnff2a3w782e,corevaloper1q69hxadh5pl9d6q0a35y3mfx8ls5quxuqgla8t,7809445141000000000000000000,7809445141
core1ckkyww40xtucdny80cpdkglkt86lpnq6dde8w6,corevaloper1q69hxadh5pl9d6q0a35y3mfx8ls5quxuqgla8t,357496082000000000000000000,357496082
core1ccpd9s5wy76lgp2lppld78uqzmrp30t68su4tl,corevaloper1q69hxadh5pl9d6q0a35y3mfx8ls5quxuqgla8t,426026658000000000000000000,426026658
core1c60zqasv4qmucnmrf9a4ug3fvrhksua9623sg9,corevaloper1q69hxadh5pl9d6q0a35y3mfx8ls5quxuqgla8t,16300000000000000000000000,16300000
core1cu0q2m454p3854fdx60qupmf4n4yfuwsdqlejz,corevaloper1q69hxadh5pl9d6q0a35y3mfx8ls5quxuqgla8t,341672873000000000000000000,341672873
core1eqhpcc8wavnxvtpv5y837ynrpmxqvvsr422lv4,corevaloper1q69hxadh5pl9d6q0a35y3mfx8ls5quxuqgla8t,35025653000000000000000000,35025653
core1erfz5rgy3newclw6t2m7u2ya7vg3amduzufknh,corevaloper1q69hxadh5pl9d6q0a35y3mfx8ls5quxuqgla8t,10010000000000000000000000000,10010000000
core1erl22vy0lhv2a02kks7f9gkhhz5gz6gqjdkrpe,corevaloper1q69hxadh5pl9d6q0a35y3mfx8ls5quxuqgla8t,46455829000000000000000000,46455829
core1exl9w220s2ajkgc93f0ktqdwhd6ed30fmuza6u,corevaloper1q69hxadh5pl9d6q0a35y3mfx8ls5quxuqgla8t,1000000000000000000000000000,1000000000
core1efdam4p93y0ql0cwy9macxece2hu9vlezaxv04,corevaloper1q69hxadh5pl9d6q0a35y3mfx8ls5quxuqgla8t,5399999999000000000000000000,5399999999
core1ew7ec8c68czk6qqv6ce6f79syvyjypcymrwj33,corevaloper1q69hxadh5pl9d6q0a35y3mfx8ls5quxuqgla8t,2091966529000000000000000000,2091966529
core1e3yscymrhhct6sacpzdy70upxhctjv0zp4qmye,corevaloper1q69hxadh5pl9d6q0a35y3mfx8ls5quxuqgla8t,3504940000000000000000000000,3504940000
core1ejm3ja4mu0dnv66wqnzaapfguvvjnzf6fyalph,corevaloper1q69hxadh5pl9d6q0a35y3mfx8ls5quxuqgla8t,52947950000000000000000000,52947950
core1eh6hw062l7nfjy77hgdqwwwmmrfwl8dwwjrc6r,corevaloper1q69hxadh5pl9d6q0a35y3mfx8ls5quxuqgla8t,663674737000000000000000000,663674737
core1ec6pnag4fwdfla75quecfvhyf07pt5rwwwl2ar,corevaloper1q69hxadh5pl9d6q0a35y3mfx8ls5quxuqgla8t,10837956992000000000000000000,10837956992
core1ee4s58jch297ygwvgh0tlvva9er7456wvfwfy3,corevaloper1q69hxadh5pl9d6q0a35y3mfx8ls5quxuqgla8t,1000000000000000000000000,1000000
core1emgxm4qv5hk5g4q2hvcwr0v35ewlxa0mrk76r7,corevaloper1q69hxadh5pl9d6q0a35y3mfx8ls5quxuqgla8t,33000000000000000000000000,33000000
core1e7xlc5pcvp5j98xvzadq0y6hp6js7k4c9c0cmm,corevaloper1q69hxadh5pl9d6q0a35y3mfx8ls5quxuqgla8t,537983272000000000000000000,537983272
core16qtd3q5ecw3gpj82kvr2kn9s2karzhdz65tjfw,corevaloper1q69hxadh5pl9d6q0a35y3mfx8ls5quxuqgla8t,1031768518000000000000000000,1031768518
core168xlr9s3scrmx2lghg28em4gt2p28tkyxe06kx,corevaloper1q69hxadh5pl9d6q0a35y3mfx8ls5quxuqgla8t,212300000000000000000000000,212300000
core16t6u95974gl8edm0hphw33d6m7r0tdn8smr3sh,corevaloper1q69hxadh5pl9d6q0a35y3mfx8ls5quxuqgla8t,137100000000000000000000000,137100000
core16j4vddrez2t5vn7s8vmmwj8lh6myw2mawkk0ss,corevaloper1q69hxadh5pl9d6q0a35y3mfx8ls5quxuqgla8t,16380630759000000000000000000,16380630759
core16nsxy6mwevx2lj8z8jfrphy0x4d9zpc8hs0t4z,corevaloper1q69hxadh5pl9d6q0a35y3mfx8ls5quxuqgla8t,1001010000000000000000000000,1001010000
core165jl297p0kxqgtftgf86zu8t8h2elh0yn75fpg,corevaloper1q69hxadh5pl9d6q0a35y3mfx8ls5quxuqgla8t,1000000000000000000000000,1000000
core165mntkjpjsek2wdhqcryd5xwgc9xz4885vv8ez,corevaloper1q69hxadh5pl9d6q0a35y3mfx8ls5quxuqgla8t,2149801973000000000000000000,2149801973
core166hqw9qvgumzy0l3xhtlm7shnxhw5sejzcvhag,corevaloper1q69hxadh5pl9d6q0a35y3mfx8ls5quxuqgla8t,3080000000000000000000000,3080000
core1666m438d4u9ahg425jsyj90fkgw72yzs47nmex,corevaloper1q69hxadh5pl9d6q0a35y3mfx8ls5quxuqgla8t,5000000000000000000000000000,5000000000
core1m8c5r99kvghqneakq4kc0knwzgf0c0mwf7k87w,corevaloper1q69hxadh5pl9d6q0a35y3mfx8ls5quxuqgla8t,12400527000000000000000000,12400527
core1m87wfxqg2csx04vnhyd8ajce97y0z52hhamdae,corevaloper1q69hxadh5pl9d6q0a35y3mfx8ls5quxuqgla8t,66621000000000000000000000000,66621000000
core1mtju2cazqhgrnucua2kvsfgae42jp3cxeddcyr,corevaloper1q69hxadh5pl9d6q0a35y3mfx8ls5quxuqgla8t,1200738113000000000000000000,1200738113
core1mwnsrqq72vk4exe4yjhtut98f9uxjzce4pu5v3,corevaloper1q69hxadh5pl9d6q0a35y3mfx8ls5quxuqgla8t,5010000000000000000000000000,5010000000
core1msqfcem8r8w0ne30qvya5xaa7g5tn52ukjpal2,corevaloper1q69hxadh5pl9d6q0a35y3mfx8ls5quxuqgla8t,1172666098000000000000000000,1172666098
core1mjs64v95xcldd7ywhv323yq367um203r65frpa,corevaloper1q69hxadh5pl9d6q0a35y3mfx8ls5quxuqgla8t,1522249340000000000000000000,1522249340
core1mmrzxn0xlp0chawuxq8y29aap88y6qrz0l373e,corevaloper1q69hxadh5pl9d6q0a35y3mfx8ls5quxuqgla8t,10085522448000000000000000000,10085522448
core1mm77t3nj6hzextmyl44qkv22z4qh2906hcvck0,corevaloper1q69hxadh5pl9d6q0a35y3mfx8ls5quxuqgla8t,201502636000000000000000000,201502636
core1mugfvce9yuc9ttsvaxxqytlq0lwtay8lne270c,corevaloper1q69hxadh5pl9d6q0a35y3mfx8ls5quxuqgla8t,2000000000000000000000000,2000000
core1uqqg8m7me24usaluyf7qu8p399ukp72jcmusj3,corevaloper1q69hxadh5pl9d6q0a35y3mfx8ls5quxuqgla8t,500000000000000000000000000,500000000
core1u8e290s7zxqxna6e9rdjxae6dzeg5s4n76s42c,corevaloper1q69hxadh5pl9d6q0a35y3mfx8ls5quxuqgla8t,394188519000000000000000000,394188519
core1utzk8zceltf628asp8hr5mqx4g689nzdxnvlk7,corevaloper1q69hxadh5pl9d6q0a35y3mfx8ls5quxuqgla8t,435000000000000000000000000,435000000
core1ut6y3awymgck7j8tgruvepdaqx5ege9jz0vlv4,corevaloper1q69hxadh5pl9d6q0a35y3mfx8ls5quxuqgla8t,7274000000000000000000,7274
core1uw247wsg39wnkmts3hd8c9y456w7quc3lwc6y3,corevaloper1q69hxadh5pl9d6q0a35y3mfx8ls5quxuqgla8t,13965038443000000000000000000,13965038443
core1usuv5q4nmp602chcet4z8adalhc57chlpl267k,corevaloper1q69hxadh5pl9d6q0a35y3mfx8ls5quxuqgla8t,103893000000000000000000000,103893000
core1u3pasx05n3tz6xt8qzej8ae2c0jf07pygj7hnq,corevaloper1q69hxadh5pl9d6q0a35y3mfx8ls5quxuqgla8t,663700589000000000000000000,663700589
core1ucuurfgj96w858dq0q2afc6jq2sz7fl4en5snj,corevaloper1q69hxadh5pl9d6q0a35y3mfx8ls5quxuqgla8t,34895054000000000000000000,34895054
core1umtatr4nyfkd9f4enly96awaanwvprpvm7shwf,corevaloper1q69hxadh5pl9d6q0a35y3mfx8ls5quxuqgla8t,214902527000000000000000000,214902527
core1umka5q850885uphadhgduth9xjaqylyj6ygs69,corevaloper1q69hxadh5pl9d6q0a35y3mfx8ls5quxuqgla8t,2400000000000000000000000000,2400000000
core1uarklnnwltc07ue6rfmax6gju6sh709zv7nta0,corevaloper1q69hxadh5pl9d6q0a35y3mfx8ls5quxuqgla8t,70000000000000000000000000,70000000
core1avk89fvfr8hc2p9nnlatlx0g33d3mqmjvxleug,corevaloper1q69hxadh5pl9d6q0a35y3mfx8ls5quxuqgla8t,83293731000000000000000000,83293731
core1as5rceuy75rhyec296scexr6whyk078gwwkal6,corevaloper1q69hxadh5pl9d6q0a35y3mfx8ls5quxuqgla8t,57058026000000000000000000,57058026
core1a4p4h2utmj9djwhc2429dhhvahlmd6dgg3jcl9,corevaloper1q69hxadh5pl9d6q0a35y3mfx8ls5quxuqgla8t,28000000000000000000000000,28000000
core1ak7v96pxc8mf74ayzktznr29zxszf95sw3vs0m,corevaloper1q69hxadh5pl9d6q0a35y3mfx8ls5quxuqgla8t,540639715000000000000000000,540639715
core1a652ykypdwxz7kw4gfkudegcgculrdpxps4vq7,corevaloper1q69hxadh5pl9d6q0a35y3mfx8ls5quxuqgla8t,850000000000000000000000000000,850000000000
core1amqttvkxz36lrrjkwg4mcmeae2ta47qnkd4y7e,corevaloper1q69hxadh5pl9d6q0a35y3mfx8ls5quxuqgla8t,210018116000000000000000000,210018116
core1a7xauclv7j5e803ds5zyk6pwgyaa4x3cd9x53y,corevaloper1q69hxadh5pl9d6q0a35y3mfx8ls5quxuqgla8t,663677726000000000000000000,663677726
core17z3seew9efp8aj0ldrzwdnvlavd00e0mwy6twn,corevaloper1q69hxadh5pl9d6q0a35y3mfx8ls5quxuqgla8t,3610000000000000000000000000,3610000000
core17zjqamk6h6yt7jp05q62wm4dygk9pd0lh0pveh,corevaloper1q69hxadh5pl9d6q0a35y3mfx8ls5quxuqgla8t,650000000000000000000000000,650000000
core179z4p3ganx58p3ujkwq4v6zn9yg9spt7da4k3y,corevaloper1q69hxadh5pl9d6q0a35y3mfx8ls5quxuqgla8t,3000000768000000000000000000,3000000768
core17shqde2ag6n808wx4t66j65ad9euvm38hwv8c7,corevaloper1q69hxadh5pl9d6q0a35y3mfx8ls5quxuqgla8t,220000000000000000000000000,220000000
core17s7p9sec9jcu535putjzfhx2ty0wtkyj8zfawm,corevaloper1q69hxadh5pl9d6q0a35y3mfx8ls5quxuqgla8t,800000000000000000000000000,800000000
core17nw388pc0nlkztmkt34xteshu0zw02v30su0ex,corevaloper1q69hxadh5pl9d6q0a35y3mfx8ls5quxuqgla8t,5159653377000000000000000000,5159653377
core17478alrgqt8pky6fszaupzygvdl5uqrtt8ydkr,corevaloper1q69hxadh5pl9d6q0a35y3mfx8ls5quxuqgla8t,1070000000000000000000000000,1070000000
core17epxygqaytz5l63f0au04058kt4w72w6pkh0as,corevaloper1q69hxadh5pl9d6q0a35y3mfx8ls5quxuqgla8t,1247943839727000000000000000000,1247943839727
core17e66ef9dj6kf89gmcez9uk95jfjeu56j4er98k,corevaloper1q69hxadh5pl9d6q0a35y3mfx8ls5quxuqgla8t,12256225602000000000000000000,12256225602
core17aqynujezyv6hkleklqyvcsyasedln4282f8ck,corevaloper1q69hxadh5pl9d6q0a35y3mfx8ls5quxuqgla8t,200000000000000000000000000,200000000
core1779p8esuu8yes477egkwhz643lqxefwthve0kq,corevaloper1q69hxadh5pl9d6q0a35y3mfx8ls5quxuqgla8t,3109991068000000000000000000,3109991068
core17780zsrh6mch3zjg6em6vfxqgzf2kttr7lklu3,corevaloper1q69hxadh5pl9d6q0a35y3mfx8ls5quxuqgla8t,21022163839000000000000000000,21022163839
core1lrdf3467esn678wzelc87g93mwdhe9ptegw3yw,corevaloper1q69hxadh5pl9d6q0a35y3mfx8ls5quxuqgla8t,3000000000000000000000000000,3000000000
core1lrh6070afqm8p5g5x5p02xqvwhjeu8xx96xgk0,corevaloper1q69hxadh5pl9d6q0a35y3mfx8ls5quxuqgla8t,17917147777000000000000000000,17917147777
core1l0f2ckdsx07jnxcy3ucq5x3fw6ttnrgjcuta3m,corevaloper1q69hxadh5pl9d6q0a35y3mfx8ls5quxuqgla8t,140033236000000000000000000,140033236
core1l06v6up9uwj8fnprvhacurm4r7na66cchws0zh,corevaloper1q69hxadh5pl9d6q0a35y3mfx8ls5quxuqgla8t,947991572000000000000000000,947991572
core1lj6eal8uq65s23e3877tfsdp8mkzxfhqc45g64,corevaloper1q69hxadh5pl9d6q0a35y3mfx8ls5quxuqgla8t,10000000000000000000000000000,10000000000
core1lhsw8qfyt9hh00llzc30w70rgj4npprcv7vwpw,corevaloper1q69hxadh5pl9d6q0a35y3mfx8ls5quxuqgla8t,5000000000000000000000000,5000000
core1lmqjv5ja4z6qlfy4tlpp44aunu65swg32wxj4f,corevaloper1q69hxadh5pl9d6q0a35y3mfx8ls5quxuqgla8t,21668000000000000000000000000,21668000000
